image/plastic/plastic_moderate_038_new.jpg,1
image/plastic/plastic_object_027_new.jpg,1
image/plastic/plastic_moderate_021_new.jpg,1
image/plastic/plastic_moderate_042_new.jpg,1
image/plastic/plastic_moderate_043_new.jpg,1
image/plastic/plastic_moderate_027_new.jpg,1
image/plastic/plastic_moderate_009_new.jpg,1
image/plastic/plastic_object_046_new.jpg,1
image/plastic/plastic_object_033_new.jpg,1
image/glass/glass_object_018_new.jpg,2
image/glass/glass_moderate_002_new.jpg,2
image/glass/glass_moderate_024_new.jpg,2
image/glass/glass_object_032_new.jpg,2
image/glass/glass_object_013_new.jpg,2
image/glass/glass_object_020_new.jpg,2
image/glass/glass_moderate_031_new.jpg,2
image/glass/glass_moderate_015_new.jpg,2
image/glass/glass_moderate_019_new.jpg,2
image/leather/leather_moderate_022_new.jpg,3
image/leather/leather_object_038_new.jpg,3
image/leather/leather_object_024_new.jpg,3
image/leather/leather_object_012_new.jpg,3
image/leather/leather_moderate_020_new.jpg,3
image/leather/leather_object_005_new.jpg,3
image/leather/leather_moderate_049_new.jpg,3
image/leather/leather_moderate_025_new.jpg,3
image/leather/leather_object_046_new.jpg,3
image/water/water_object_028_new.jpg,4
image/water/water_moderate_002_new.jpg,4
image/water/water_object_025_new.jpg,4
image/water/water_object_003_new.jpg,4
image/water/water_object_020_new.jpg,4
image/water/water_moderate_041_new.jpg,4
image/water/water_object_042_new.jpg,4
image/water/water_moderate_047_new.jpg,4
image/water/water_moderate_001_new.jpg,4
image/metal/metal_moderate_003_new.jpg,5
image/metal/metal_moderate_038_new.jpg,5
image/metal/metal_moderate_015_new.jpg,5
image/metal/metal_object_048_new.jpg,5
image/metal/metal_object_047_new.jpg,5
image/metal/metal_moderate_001_new.jpg,5
image/metal/metal_moderate_006_new.jpg,5
image/metal/metal_moderate_028_new.jpg,5
image/metal/metal_object_035_new.jpg,5
image/stone/stone_object_016_new.jpg,6
image/stone/stone_moderate_028_new.jpg,6
image/stone/stone_object_023_new.jpg,6
image/stone/stone_moderate_029_new.jpg,6
image/stone/stone_object_038_new.jpg,6
image/stone/stone_moderate_006_new.jpg,6
image/stone/stone_moderate_040_new.jpg,6
image/stone/stone_object_040_new.jpg,6
image/stone/stone_moderate_042_new.jpg,6
image/wood/wood_object_048_new.jpg,7
image/wood/wood_moderate_011_new.jpg,7
image/wood/wood_object_003_new.jpg,7
image/wood/wood_object_040_new.jpg,7
image/wood/wood_moderate_002_new.jpg,7
image/wood/wood_object_025_new.jpg,7
image/wood/wood_moderate_047_new.jpg,7
image/wood/wood_object_041_new.jpg,7
image/wood/wood_object_002_new.jpg,7
image/paper/paper_moderate_015_new.jpg,8
image/paper/paper_object_036_new.jpg,8
image/paper/paper_object_035_new.jpg,8
image/paper/paper_moderate_014_new.jpg,8
image/paper/paper_moderate_035_new.jpg,8
image/paper/paper_object_023_new.jpg,8
image/paper/paper_moderate_031_new.jpg,8
image/paper/paper_object_028_new.jpg,8
image/paper/paper_moderate_018_new.jpg,8
image/fabric/fabric_object_019_new.jpg,9
image/fabric/fabric_moderate_013_new.jpg,9
image/fabric/fabric_moderate_010_new.jpg,9
image/fabric/fabric_object_038_new.jpg,9
image/fabric/fabric_moderate_016_new.jpg,9
image/fabric/fabric_moderate_006_new.jpg,9
image/fabric/fabric_moderate_018_new.jpg,9
image/fabric/fabric_moderate_034_new.jpg,9
image/fabric/fabric_moderate_014_new.jpg,9
image/foliage/foliage_final_032_new.jpg,10
image/foliage/foliage_final_063_new.jpg,10
image/foliage/foliage_final_053_new.jpg,10
image/foliage/foliage_final_092_new.jpg,10
image/foliage/foliage_final_082_new.jpg,10
image/foliage/foliage_final_060_new.jpg,10
image/foliage/foliage_final_089_new.jpg,10
image/foliage/foliage_final_069_new.jpg,10
image/foliage/foliage_final_064_new.jpg,10
